2026-10-02T22:34:31,recraft,recraftv4_1_vector,0.160,"Bold black silhouette on pure white background, flat, no shading, no gradients, no text, thick connected shapes, clean smooth edges, centred, generous margin. Moody, elegant woodland-at-dusk style. Subject: a luna moth with crescent moons on its wings, symmetrical, elegant"
2026-10-02T22:34:37,recraft,recraftv4_1,0.070,"Flat vector illustration style with fine linework and subtle grain, crisp edges, centred composition, no text. Moody, cozy, a little whimsical woodland at dusk. Limited palette: deep plum #2c1b36, dusk violet #4a2c55, cream #f1e6cf, moon gold #e8c97a, pine green #2f4a3a. Subject: a red fox curled up"
2026-10-03T10:15:25,recraft,recraftv4_1_pro,0.840,"Flat vector illustration style with fine linework and subtle grain, crisp edges, centred composition, no text. Moody, cozy, a little whimsical woodland at dusk. Limited palette: cream #f1e6cf, moon gold #e8c97a, dusk violet #4a2c55 and pine green #2f4a3a on a solid flat deep plum #2c1b36 background."
2026-10-03T10:16:21,recraft,recraftv4_1_pro,0.840,"Flat vector illustration style with fine linework and subtle grain, crisp edges, centred composition, no text. Moody, cozy, a little whimsical, elegant gothic winter. Limited palette: deep plum #2c1b36, dusk violet #4a2c55, moon gold #e8c97a and berry red #8b2f3c on a solid flat cream #f1e6cf backgr"
2026-10-03T10:16:31,recraft,recraftv4_1_pro,0.840,"Flat vector illustration style with fine linework and subtle grain, crisp edges, centred composition, no text. Cozy and a little whimsical dark holiday, elegant not gory. Limited palette: cream #f1e6cf, moon gold #e8c97a, berry red #8b2f3c and soft sage green on a solid flat pure black background. S"
2026-10-03T10:16:41,recraft,recraftv4_1_pro,0.840,"Flat vector illustration style with fine linework and subtle grain, crisp edges, centred composition, no text. Moody, cozy, a little whimsical dark holiday, elegant not scary. Limited palette: deep plum #2c1b36, dusk violet #4a2c55, moon gold #e8c97a and berry red #8b2f3c on a solid flat pure white "
2026-10-03T10:17:29,recraft,recraftv4_1_pro,0.840,"Flat vector illustration style with fine linework and subtle grain, crisp edges, centred composition, no text. Cozy and a little whimsical dark holiday, elegant not gory. Limited palette: cream #f1e6cf, moon gold #e8c97a, berry red #8b2f3c and soft sage green on a solid flat pure black background. S"
2026-10-03T10:18:21,recraft,upscale,0.004,003-holly-skull-tee/candidates/skullB-2.png
2026-10-03T10:19:04,recraft,upscale,0.004,004-bat-wing-tree-tee/candidates/battree-3.png
2026-10-03T10:20:29,recraft,upscale,0.004,003-holly-skull-tee/candidates/skullB-2-up.png
2026-10-03T10:21:17,recraft,upscale,0.004,004-bat-wing-tree-tee/candidates/battree-3-up.png
2026-10-03T13:30:58,recraft,recraftv4_1_flash,0.014,"Flat vector illustration style with fine linework and subtle grain, crisp edges, centred composition, no text. Moody, cozy, a little whimsical woodland at dusk. Limited palette: cream #f1e6cf, moon gold #e8c97a, dusk violet #4a2c55 and pine green #2f4a3a on a solid flat deep plum #2c1b36 background."
2026-10-03T13:31:03,recraft,recraftv4_1,0.035,"Flat vector illustration style with fine linework and subtle grain, crisp edges, centred composition, no text. Moody, cozy, a little whimsical woodland at dusk. Limited palette: cream #f1e6cf, moon gold #e8c97a, dusk violet #4a2c55 and pine green #2f4a3a on a solid flat deep plum #2c1b36 background."
2026-10-04T09:38:16,recraft,recraftv4_1_flash,0.028,"Realistic product photo, soft natural window light, cozy wooden table, shallow depth of field. Top-down flat lay of a dark walnut wooden table at dusk with fresh pine sprigs and a few red winter berries along the top and left edges, a loose spool of red twine, a pair of small brass embroidery scisso"
2026-10-05T10:19:18,recraft,recraftv4_1_flash,0.028,"Coloring book page, bold and easy style for kids and adults: thick smooth uniform black outlines on pure white, line art only, no shading, no gray, no solid black areas, no hatching, no texture, no text, no border, large simple closed shapes with big spaces to color. Cozy, a little whimsical woodlan"
2026-10-05T10:20:01,recraft,recraftv4_1_flash,0.028,"Coloring book page, bold and easy style for kids and adults: thick smooth uniform black outlines on pure white, line art only, no shading, no gray, no solid black areas, no hatching, no texture, no text, no border, large simple closed shapes with big spaces to color, no tiny details. Cozy, a little "
2026-10-05T10:20:04,recraft,recraftv4_1_flash,0.028,"Coloring book page, bold and easy style for kids and adults: thick smooth uniform black outlines on pure white, line art only, no shading, no gray, no solid black areas, no hatching, no texture, no text, no border, large simple closed shapes with big spaces to color, no tiny details. Cozy, a little "
2026-10-05T10:20:07,recraft,recraftv4_1_flash,0.028,"Coloring book page, bold and easy style for kids and adults: thick smooth uniform black outlines on pure white, line art only, no shading, no gray, no solid black areas, no hatching, no texture, no text, no border, large simple closed shapes with big spaces to color, no tiny details. Cozy, a little "
2026-10-05T10:20:11,recraft,recraftv4_1_flash,0.028,"Coloring book page, bold and easy style for kids and adults: thick smooth uniform black outlines on pure white, line art only, no shading, no gray, no solid black areas, no hatching, no texture, no text, no border, large simple closed shapes with big spaces to color, no tiny details. Cozy, a little "
2026-10-05T10:20:13,recraft,recraftv4_1_flash,0.028,"Coloring book page, bold and easy style for kids and adults: thick smooth uniform black outlines on pure white, line art only, no shading, no gray, no solid black areas, no hatching, no texture, no text, no border, large simple closed shapes with big spaces to color, no tiny details. Cozy, a little "
2026-10-05T10:20:16,recraft,recraftv4_1_flash,0.028,"Coloring book page, bold and easy style for kids and adults: thick smooth uniform black outlines on pure white, line art only, no shading, no gray, no solid black areas, no hatching, no texture, no text, no border, large simple closed shapes with big spaces to color, no tiny details. Cozy, a little "
2026-10-05T10:20:19,recraft,recraftv4_1_flash,0.028,"Coloring book page, bold and easy style for kids and adults: thick smooth uniform black outlines on pure white, line art only, no shading, no gray, no solid black areas, no hatching, no texture, no text, no border, large simple closed shapes with big spaces to color, no tiny details. Cozy, a little "
2026-10-05T10:20:22,recraft,recraftv4_1_flash,0.028,"Coloring book page, bold and easy style for kids and adults: thick smooth uniform black outlines on pure white, line art only, no shading, no gray, no solid black areas, no hatching, no texture, no text, no border, large simple closed shapes with big spaces to color, no tiny details. Cozy, a little "
2026-10-05T10:20:25,recraft,recraftv4_1_flash,0.028,"Coloring book page, bold and easy style for kids and adults: thick smooth uniform black outlines on pure white, line art only, no shading, no gray, no solid black areas, no hatching, no texture, no text, no border, large simple closed shapes with big spaces to color, no tiny details. Cozy, a little "
2026-10-05T10:20:28,recraft,recraftv4_1_flash,0.028,"Coloring book page, bold and easy style for kids and adults: thick smooth uniform black outlines on pure white, line art only, no shading, no gray, no solid black areas, no hatching, no texture, no text, no border, large simple closed shapes with big spaces to color, no tiny details. Cozy, a little "
2026-10-05T10:20:31,recraft,recraftv4_1_flash,0.028,"Coloring book page, bold and easy style for kids and adults: thick smooth uniform black outlines on pure white, line art only, no shading, no gray, no solid black areas, no hatching, no texture, no text, no border, large simple closed shapes with big spaces to color, no tiny details. Cozy, a little "
2026-10-05T10:20:33,recraft,recraftv4_1_flash,0.028,"Coloring book page, bold and easy style for kids and adults: thick smooth uniform black outlines on pure white, line art only, no shading, no gray, no solid black areas, no hatching, no texture, no text, no border, large simple closed shapes with big spaces to color, no tiny details. Cozy, a little "
2026-10-05T10:20:36,recraft,recraftv4_1_flash,0.028,"Coloring book page, bold and easy style for kids and adults: thick smooth uniform black outlines on pure white, line art only, no shading, no gray, no solid black areas, no hatching, no texture, no text, no border, large simple closed shapes with big spaces to color, no tiny details. Cozy, a little "
2026-10-05T10:20:39,recraft,recraftv4_1_flash,0.028,"Coloring book page, bold and easy style for kids and adults: thick smooth uniform black outlines on pure white, line art only, no shading, no gray, no solid black areas, no hatching, no texture, no text, no border, large simple closed shapes with big spaces to color, no tiny details. Cozy, a little "
2026-10-05T10:20:43,recraft,recraftv4_1_flash,0.028,"Coloring book page, bold and easy style for kids and adults: thick smooth uniform black outlines on pure white, line art only, no shading, no gray, no solid black areas, no hatching, no texture, no text, no border, large simple closed shapes with big spaces to color, no tiny details. Cozy, a little "
2026-10-05T10:20:45,recraft,recraftv4_1_flash,0.028,"Coloring book page, bold and easy style for kids and adults: thick smooth uniform black outlines on pure white, line art only, no shading, no gray, no solid black areas, no hatching, no texture, no text, no border, large simple closed shapes with big spaces to color, no tiny details. Cozy, a little "
2026-10-05T10:20:48,recraft,recraftv4_1_flash,0.028,"Coloring book page, bold and easy style for kids and adults: thick smooth uniform black outlines on pure white, line art only, no shading, no gray, no solid black areas, no hatching, no texture, no text, no border, large simple closed shapes with big spaces to color, no tiny details. Cozy, a little "
2026-10-05T10:20:51,recraft,recraftv4_1_flash,0.028,"Coloring book page, bold and easy style for kids and adults: thick smooth uniform black outlines on pure white, line art only, no shading, no gray, no solid black areas, no hatching, no texture, no text, no border, large simple closed shapes with big spaces to color, no tiny details. Cozy, a little "
2026-10-05T10:20:54,recraft,recraftv4_1_flash,0.028,"Coloring book page, bold and easy style for kids and adults: thick smooth uniform black outlines on pure white, line art only, no shading, no gray, no solid black areas, no hatching, no texture, no text, no border, large simple closed shapes with big spaces to color, no tiny details. Cozy, a little "
2026-10-05T10:27:55,recraft,recraftv4_1,0.035,"Coloring book page, bold and easy style for kids and adults: thick smooth uniform black outlines on pure white, line art only, no shading, no gray, no solid black areas, no hatching, no texture, no text, no border, large simple closed shapes with big spaces to color, no tiny details. Cozy, a little "
