listing_id,state,title,views,favorites,sales,revenue,conversion_pct
4588072753,active,"Bat Christmas Tree Shirt, Gothic Christmas T-Shirt, Bat Wing Tree with Gold Baubles, Spooky Christmas Gift, Unisex Goth Holiday Tee",0,0,0,0.0,0
4588077156,active,"Gothic Christmas Ornament Mug, Crescent Moon and Bat Coffee Mug, Dark Holiday Gift, Spooky Christmas Cocoa Mug 11 oz Ceramic",0,0,0,0.0,0
4588072671,active,"Holly Skull Christmas Shirt, Cute Gothic Holiday T-Shirt, Skull with Holly and Crescent Moon, Spooky Christmas Tee, Goth Winter Gift",0,0,0,0.0,0
4588072633,active,"Christmas Bingo Printable, Woodland Christmas Party Game for Kids & Family, 30 Unique Picture Bingo Cards, Classroom Holiday Game, pdf",0,0,0,0.0,0
4587829689,active,"Luna Moth Mug, Celestial Moth Coffee Mug with Crescent Moons, Cottagecore Moth Lover Gift, Dark Academia 11 oz Ceramic Mug",0,0,0,0.0,0
4587827848,active,"Snowflake SVG Bundle, Botanical Christmas Snowflakes with Pine, Fern, Holly, Berry & Acorn, Winter Cut Files for Cricut (svg, dxf, png)",0,0,0,0.0,0
4587461356,active,"Christmas Village SVG, Snowy Cottages, Chapel, Gingerbread House, Log Cabin Silhouettes, Light Box & Window Decal Cut Files (svg, dxf, png)",0,0,0,0.0,0
4587461298,active,"Gingerbread SVG, A to Z Alphabet Letter Ornaments, Cookie Letters for Names & Gift Tags, Cut Files for Cricut (svg, dxf, png)",0,0,0,0.0,0
4586788846,active,"Christmas Ornament SVG, Filigree Lace Ornaments with Snowflake Bauble, Holly Bell & Pinecone, Laser Cut Files for Cricut (svg, dxf, png)",0,0,0,0.0,0
4586785079,active,"Moth SVG Bundle, Winter Luna Moth & Holly Christmas Designs, Snowflake Moth Ornament, Gothic Botanical Cut Files for Cricut (svg, dxf, png)",0,0,0,0.0,0
4586739694,active,"Bat SVG Bundle, Christmas Bats with Santa Hat, Candy Cane, Holly Wreath & Bat Garland, Gothic Holiday Cut Files for Cricut (svg, dxf, png)",0,0,0,0.0,0
4586736511,active,"Christmas Ornament SVG Bundle, Bat, Coffin, Moon & Spiderweb Baubles, Gothic Window Drop, Spooky Holiday Cut Files (svg, dxf, png)",0,0,0,0.0,0
4586738084,active,"Snowflake SVG, Spiderweb Christmas Snowflake Bundle with Hanging Spider & Dew Drop Web, Gothic Winter Cut Files for Cricut (svg, dxf, png)",1,0,0,0.0,0.0
4586729007,active,"Christmas SVG Bundle, Skulls in Santa Hats, Holly & Candy Cane Crossbones, Skull Ornament, Spooky Gothic Holiday Cut Files (svg, dxf, png)",0,0,0,0.0,0
